"","url","img"
"1","https://www.instagram.com/p/B_Trp8GJIep/","https://scontent-ssn1-1.cdninstagram.com/v/t51.2885-15/fr/e15/s1080x1080/94830169_699126637519672_7855977905790140405_n.jpg?_nc_ht=scontent-ssn1-1.cdninstagram.com&_nc_cat=104&_nc_ohc=aD5rAKCLixAAX8-SYsH&oh=e1bc7762f1a452748a13fd2536e426c6&oe=5EDAD7C8"
"2","https://www.instagram.com/p/CAE0wrVgAIC/","https://scontent-ssn1-1.cdninstagram.com/v/t51.2885-15/e35/96632864_838326570010043_7538054255654644601_n.jpg?_nc_ht=scontent-ssn1-1.cdninstagram.com&_nc_cat=111&_nc_ohc=Jy4MQu0Pm4YAX-nTDcA&oh=96c430c5d6382eda49656e242b49ac98&oe=5F01858E"
"3","https://www.instagram.com/p/CA4o9RqHffz/","https://scontent-ssn1-1.cdninstagram.com/v/t51.2885-15/fr/e15/s1080x1080/101962494_188119422440504_794592433067306856_n.jpg?_nc_ht=scontent-ssn1-1.cdninstagram.com&_nc_cat=108&_nc_ohc=ihWQQ6HHGeUAX_yt1MR&oh=710d9ed9a021654f48b0882ca1ddfc96&oe=5EFFFD7E"
"4","https://www.instagram.com/p/B_ME3muBRYP/","https://scontent-ssn1-1.cdninstagram.com/v/t51.2885-15/e35/94190267_3098650660185975_3778304134667924079_n.jpg?_nc_ht=scontent-ssn1-1.cdninstagram.com&_nc_cat=103&_nc_ohc=PIpyhJWSuOUAX_AwUOA&oh=016f1ed861522671cf4651a26ab6c8c8&oe=5F03666F"
"5","https://www.instagram.com/p/CA2zdY5HIAG/","https://scontent-ssn1-1.cdninstagram.com/v/t51.2885-15/e35/s1080x1080/101464637_530952210905915_2833346114755345986_n.jpg?_nc_ht=scontent-ssn1-1.cdninstagram.com&_nc_cat=111&_nc_ohc=ipCNeslm05wAX9xODn_&oh=45c2b37c085252fc94e322776803e861&oe=5F019581"
"6","https://www.instagram.com/p/B_Jf1MJgebO/","https://scontent-ssn1-1.cdninstagram.com/v/t51.2885-15/e35/s1080x1080/93691653_225573535212869_3645243967048436225_n.jpg?_nc_ht=scontent-ssn1-1.cdninstagram.com&_nc_cat=105&_nc_ohc=1zM-ehq385MAX9MDXKj&oh=87aab84cec6eb0db3197ab5c30fe064e&oe=5F00F475"
"7","https://www.instagram.com/p/CABqnJAni68/","https://scontent-ssn1-1.cdninstagram.com/v/t51.2885-15/e35/s1080x1080/96081035_109956270561788_942425014080461482_n.jpg?_nc_ht=scontent-ssn1-1.cdninstagram.com&_nc_cat=108&_nc_ohc=wkTqA9_Efx4AX_sf-1u&oh=1ef5dfe3f0338fdc44cbd1e86e19f081&oe=5F02CD1D"
"8","https://www.instagram.com/p/B_jRZ80A7Wa/","https://scontent-ssn1-1.cdninstagram.com/v/t51.2885-15/e35/s1080x1080/95253422_161623571910777_6973245211995277095_n.jpg?_nc_ht=scontent-ssn1-1.cdninstagram.com&_nc_cat=109&_nc_ohc=SLHLbf8OwhkAX_JS2KW&oh=24e99200160411a0d657bc40514eea4c&oe=5F0211D4"
"9","https://www.instagram.com/p/CAMjnhhgsxE/","https://scontent-ssn1-1.cdninstagram.com/v/t51.2885-15/e35/s1080x1080/97205463_915934832186953_2002240495152723160_n.jpg?_nc_ht=scontent-ssn1-1.cdninstagram.com&_nc_cat=101&_nc_ohc=qRLnudaV57YAX8dKQyO&oh=c9b01fe2f56c43df42b99a7a678b463a&oe=5F003D4E"
"10","https://www.instagram.com/p/B_Trp8GJIep/","https://scontent-ssn1-1.cdninstagram.com/v/t51.2885-15/fr/e15/s1080x1080/94830169_699126637519672_7855977905790140405_n.jpg?_nc_ht=scontent-ssn1-1.cdninstagram.com&_nc_cat=104&_nc_ohc=aD5rAKCLixAAX8-SYsH&oh=e1bc7762f1a452748a13fd2536e426c6&oe=5EDAD7C8"
"11","https://www.instagram.com/p/CAE0wrVgAIC/","https://scontent-ssn1-1.cdninstagram.com/v/t51.2885-15/e35/96632864_838326570010043_7538054255654644601_n.jpg?_nc_ht=scontent-ssn1-1.cdninstagram.com&_nc_cat=111&_nc_ohc=Jy4MQu0Pm4YAX-nTDcA&oh=96c430c5d6382eda49656e242b49ac98&oe=5F01858E"
"12","https://www.instagram.com/p/CA4o9RqHffz/","https://scontent-ssn1-1.cdninstagram.com/v/t51.2885-15/fr/e15/s1080x1080/101962494_188119422440504_794592433067306856_n.jpg?_nc_ht=scontent-ssn1-1.cdninstagram.com&_nc_cat=108&_nc_ohc=ihWQQ6HHGeUAX_yt1MR&oh=710d9ed9a021654f48b0882ca1ddfc96&oe=5EFFFD7E"
"13","https://www.instagram.com/p/B_ME3muBRYP/","https://scontent-ssn1-1.cdninstagram.com/v/t51.2885-15/e35/94190267_3098650660185975_3778304134667924079_n.jpg?_nc_ht=scontent-ssn1-1.cdninstagram.com&_nc_cat=103&_nc_ohc=PIpyhJWSuOUAX_AwUOA&oh=016f1ed861522671cf4651a26ab6c8c8&oe=5F03666F"
"14","https://www.instagram.com/p/CA2zdY5HIAG/","https://scontent-ssn1-1.cdninstagram.com/v/t51.2885-15/e35/s1080x1080/101464637_530952210905915_2833346114755345986_n.jpg?_nc_ht=scontent-ssn1-1.cdninstagram.com&_nc_cat=111&_nc_ohc=ipCNeslm05wAX9xODn_&oh=45c2b37c085252fc94e322776803e861&oe=5F019581"
"15","https://www.instagram.com/p/B_Jf1MJgebO/","https://scontent-ssn1-1.cdninstagram.com/v/t51.2885-15/e35/s1080x1080/93691653_225573535212869_3645243967048436225_n.jpg?_nc_ht=scontent-ssn1-1.cdninstagram.com&_nc_cat=105&_nc_ohc=1zM-ehq385MAX9MDXKj&oh=87aab84cec6eb0db3197ab5c30fe064e&oe=5F00F475"
"16","https://www.instagram.com/p/CABqnJAni68/","https://scontent-ssn1-1.cdninstagram.com/v/t51.2885-15/e35/s1080x1080/96081035_109956270561788_942425014080461482_n.jpg?_nc_ht=scontent-ssn1-1.cdninstagram.com&_nc_cat=108&_nc_ohc=wkTqA9_Efx4AX_sf-1u&oh=1ef5dfe3f0338fdc44cbd1e86e19f081&oe=5F02CD1D"
"17","https://www.instagram.com/p/B_jRZ80A7Wa/","https://scontent-ssn1-1.cdninstagram.com/v/t51.2885-15/e35/s1080x1080/95253422_161623571910777_6973245211995277095_n.jpg?_nc_ht=scontent-ssn1-1.cdninstagram.com&_nc_cat=109&_nc_ohc=SLHLbf8OwhkAX_JS2KW&oh=24e99200160411a0d657bc40514eea4c&oe=5F0211D4"
"18","https://www.instagram.com/p/CAMjnhhgsxE/","https://scontent-ssn1-1.cdninstagram.com/v/t51.2885-15/e35/s1080x1080/97205463_915934832186953_2002240495152723160_n.jpg?_nc_ht=scontent-ssn1-1.cdninstagram.com&_nc_cat=101&_nc_ohc=qRLnudaV57YAX8dKQyO&oh=c9b01fe2f56c43df42b99a7a678b463a&oe=5F003D4E"
